week,sentiment_mean,sentiment_std,subjectivity_mean,subjectivity_std,counting
2026-16,0.08873015873015874,1.0,0.5567460317460318,1.0,1.0
2026-18,0.016058673469387753,0.535983415957742,0.2252473072562358,0.6297397705023141,8.0
2026-28,5.551115123125783e-17,1.0,1.6653345369377348e-16,0.9999999999999998,2.0
